disc_acc,disc_auc,rmse_tstr,r2_tstr,rmse_trts,r2_trts,psd_diff,acf_diff,coh_diff,n_real,n_fake,seq_len,n_ch
0.5894511760513186,0.604879679416056,0.11129234391473179,-0.4886789917945862,0.418782342544268,0.14101608097553253,7.0954643888399e-05,0.022182767269662434,0.48082209287381417,2338,2338,768,14
