level,posture,psd_l1,acf_l1,coh_l1
global,0,53.79136657714844,9.088670049095526e-05,0.6783689856529236
posture,3,53.79136657714844,9.088670049095526e-05,0.6783689856529236
