level,posture,split,rmse,r2
global,0,TSTR,153.2547855594565,-0.6180813312530518
global,0,TRTS,0.46124451321282195,-2959.1884765625
posture,3,TSTR,153.2547855594565,-0.6180813312530518
posture,3,TRTS,0.46124451321282195,-2959.1884765625
