level,posture,split,rmse,r2
global,0,TSTR,206.86397251575733,-0.08257584273815155
global,0,TRTS,0.12666759660289534,-599.5783081054688
posture,1,TSTR,206.86397251575733,-0.08257584273815155
posture,1,TRTS,0.12666759660289534,-599.5783081054688
