level,posture,psd_l1,acf_l1,coh_l1
global,0,57.411678314208984,0.0002054700453300029,0.6700028777122498
posture,1,57.411678314208984,0.0002054700453300029,0.6700028777122498
