level,posture,psd_l1,acf_l1,coh_l1
global,0,57.40673828125,0.0002054700453300029,0.6700223684310913
posture,1,57.40673828125,0.0002054700453300029,0.6700223684310913
