level,posture,split,rmse,r2
global,0,TSTR,206.53329975151706,-0.07949980348348618
global,0,TRTS,0.12652521643899925,-597.6600952148438
posture,1,TSTR,206.53329975151706,-0.07949980348348618
posture,1,TRTS,0.12652521643899925,-597.6600952148438
