level,posture,psd_l1,acf_l1,coh_l1
global,0,56.808326721191406,0.0003495117125567049,0.6919541358947754
posture,8,56.808326721191406,0.0003495117125567049,0.6919541358947754
