level,posture,split,rmse,r2
global,0,TSTR,273.3229117042697,-0.17352652549743652
global,0,TRTS,0.630727157673575,-24173.123046875
posture,8,TSTR,273.3229117042697,-0.17352652549743652
posture,8,TRTS,0.630727157673575,-24173.123046875
