level,posture,psd_l1,acf_l1,coh_l1
global,0,89.18209838867188,0.00023214997781906277,0.671475350856781
posture,2,89.18209838867188,0.00023214997781906277,0.671475350856781
