level,posture,split,rmse,r2
global,0,TSTR,247.0973998244417,-0.9037227034568787
global,0,TRTS,0.4808703349248867,-7168.06787109375
posture,2,TSTR,247.0973998244417,-0.9037227034568787
posture,2,TRTS,0.4808703349248867,-7168.06787109375
