level,posture,split,rmse,r2
global,0,TSTR,299.2271947241761,-1.3463573455810547
global,0,TRTS,0.15401532040751942,-87.22232818603516
posture,5,TSTR,233.84804093684428,-0.23016850650310516
posture,5,TRTS,0.12287487012098594,-0.1924363225698471
