level,posture,split,rmse,r2
global,0,TSTR,237.3179565477505,-1.5783761739730835
global,0,TRTS,0.6116537622299747,-8120.12646484375
posture,6,TSTR,237.3179565477505,-1.5783761739730835
posture,6,TRTS,0.6116537622299747,-8120.12646484375
