level,posture,split,rmse,r2
global,0,TSTR,313.98716136173465,-0.5897529721260071
global,0,TRTS,0.42952442542601027,-11420.1953125
posture,5,TSTR,313.98716136173465,-0.5897529721260071
posture,5,TRTS,0.42952442542601027,-11420.1953125
