level,posture,psd_l1,acf_l1,coh_l1
global,0,87.74982452392578,0.0001819574536057189,0.6644343137741089
posture,5,87.74982452392578,0.0001819574536057189,0.6644343137741089
