level,posture,psd_l1,acf_l1,coh_l1
global,0,88.2236328125,0.0001434748264728114,0.6749103665351868
posture,6,88.2236328125,0.0001434748264728114,0.6749103665351868
