level,posture,psd_l1,acf_l1,coh_l1
global,0,,,
posture,5,92.62016296386719,0.00031723640859127045,0.6740520000457764
