level,posture,split,rmse,r2
global,0,TSTR,340.764249060109,-2.125734329223633
global,0,TRTS,0.16746078798195296,-104.22376251220703
posture,5,TSTR,234.72467248885448,-0.342313289642334
posture,5,TRTS,0.18597830757359188,-1382.9564208984375
